{
    "RecipeFormatVersion": "2020-01-25",
    "ComponentName": "com.mclody.PeopleFlowDetectionGreengrass",
    "ComponentVersion": "1.0.0",
    "ComponentDescription": "For Project2",
    "ComponentPublisher": "Amazon",
    "ComponentConfiguration": {
      "DefaultConfiguration": {
        "accessControl": {
          "aws.greengrass.ipc.pubsub": {
            "com.example.clientdevices.MyHelloWorldSubscriber:pubsub:1": {
              "policyDescription": "Allows access to subscribe to all topics.",
              "operations": [
                "aws.greengrass#SubscribeToTopic"
              ],
              "resources": [
                "*"
              ]
            }
          }
        }
      }
    },
    "Manifests": [
      {
        "Platform": {
          "os": "linux"
        },
        "Lifecycle": {
          "Run": "python3 -u {artifacts:path}/ipcTest.py"
        }
      }
    ]
  }